{
    "categories": [
        {
            "category":"dyeable-dupatta",
            "name": "Dyeable Dupatta",
            "description": "Dyeable Dupatta",
            "subCategories": [
                {
                    "name": "Dyeable Dupatta",
                    "description": "Dyeable Dupatta",
                    "image": [
                        {
                            "name": "Dyeable Dupatta",
                            "description": "Dyeable Dupatta",
                            "image": "https://via.placeholder.com/150"
                        },
                        {
                            "name": "Dyeable Dupatta",
                            "description": "Dyeable Dupatta",
                            "image": "https://via.placeholder.com/150"
                        }
                    ]
                }
            ]
        },
        {
            "category":"grieg-dupatta",
            "name": "Grieg Dupatta",
            "description": "Grieg Dupatta",
            "image": [
                {
                    "name": "Dyeable Dupatta",
                    "description": "Dyeable Dupatta",
                    "image": "https://via.placeholder.com/150"
                },
                {
                    "name": "Dyeable Dupatta",
                    "description": "Dyeable Dupatta",
                    "image": "https://via.placeholder.com/150"
                }
            ]
        },
        {
            "category":"pure-bro-dupatta",
            "name": "PURE BRO Dupatta",
            "description": "PURE BRO Dupatta"
        },
        {
            "category":"chanderi-mx-36-2side-dyeable-dupatta",
            "name": "chanderi mx 36 2side (dyeable) Dupatta",
            "description": "chanderi mx 36 2side (dyeable) Dupatta"
        },
        {
            "category":"chanderi-mx-36-2side-with-mina-dupatta",
            "name": "chanderi mx 36 2side with mina Dupatta",
            "description": "chanderi mx 36 2side with mina Dupatta"
        },
        {
            "category":"chanderi-mx-36-2side-dupatta",
            "name": "Chanderi mx 36 2side Dupatta",
            "description": "Chanderi mx 36 2side Dupatta"
        },
        {
            "category":"chanderi-mx-36-4side-with-mina-dupatta",
            "name": "chanderi mx 36 4side with mina Dupatta",
            "description": "chanderi mx 36 4side with mina Dupatta"
        } ,
        {
            "category":"digital-dupatta",
            "name": "Digital Dupatta Dupatta",
            "description": "Digital Dupatta Dupatta"
        },
        {
            "category":"double-beam-jenny-dupatta",
            "name": "Double beam jenny Dupatta",
            "description": "Double beam jenny Dupatta"
        },
        {
            "category":"dyeable-dupatta",
            "name": "Dyeable Dupatta",
            "description": "Dyeable Dupatta"
        },
        {
            "category":"extra-dupatta",
            "name": "Extra Dupatta",
            "description": "Extra Dupatta"
        },
        {
            "category":"jacquard-suit-dupatta",
            "name": "Jacquard suit Dupatta",
            "description": "Jacquard suit Dupatta"
        },
        {
            "category":"muslin2side-36-dyeable-dupatta",
            "name": "muslin2side 36 (dyeable) Dupatta",
            "description": "muslin2side 36 (dyeable) Dupatta"
        }
    ]
}